{"cameraMode":{"drawMode":0,"name":"Shaded","section":"Shading Mode"},"sceneLighting":true,"audioPlay":false,"sceneViewState":{"showFog":true,"showMaterialUpdate":false,"showSkybox":true,"showFlares":true,"showImageEffects":true,"showParticleSystems":true},"in2DMode":false,"pivot":{"x":4.182723045349121,"y":34.195953369140628,"z":-24.643569946289064},"rotation":{"x":-0.4232995808124542,"y":0.15684640407562257,"z":-0.07466606795787811,"w":-0.8891806602478027},"size":0.8660253882408142,"orthographic":false}