{"cameraMode":{"drawMode":0,"name":"Shaded","section":"Shading Mode"},"sceneLighting":true,"audioPlay":false,"sceneViewState":{"showFog":true,"showMaterialUpdate":false,"showSkybox":true,"showFlares":true,"showImageEffects":true,"showParticleSystems":true},"in2DMode":false,"pivot":{"x":-1.0438499450683594,"y":2.8379311561584474,"z":1.8512216806411744},"rotation":{"x":0.050876520574092868,"y":0.9014173746109009,"z":-0.11034418642520905,"w":0.41557568311691286},"size":0.30881267786026,"orthographic":false}